{
  "diac_per_word_mean_ci": {
    "lo": 1.042815315479625,
    "hi": 1.0464569014074063
  },
  "sura_mean_diac_per_word_ci": {
    "lo": 1.0445261171939615,
    "hi": 1.0550956832783651
  }
}