{
  "chi2": 96.95007340334266,
  "pvalue": 0.8594631504862773
}