{
  "obs_stat": 0.0010531632514177173,
  "perm_mean": 0.005915430814839882,
  "p_emp": 1.0,
  "K": 5000
}