{
  "status": "standalone ",
  "obs_stat": 0.0010531632514177173,
  "perm_p_emp": 1.0,
  "markov_pemp": 0.0,
  "ks_p": 4.0136012691558754e-21,
  "mw_p": 1.6665030588596664e-13
}