{
  "top_suras": [
    92,
    80,
    108,
    75,
    102,
    87,
    93,
    104,
    55,
    96
  ],
  "bot_suras": [
    114,
    76,
    78,
    25,
    85,
    73,
    113,
    71,
    4,
    110
  ],
  "ks_stat": 0.3858627450980392,
  "ks_p": 4.0136012691558754e-21,
  "mw_stat": 68449.5,
  "mw_p": 1.6665030588596664e-13
}