{
  "zipf_fit": {
    "slope": -1.0136338669595237,
    "intercept": 9.25740461176395,
    "r2": 0.9972353989298621,
    "fit_reg_range": [
      21,
      2000
    ]
  },
  "zipf_fit_ks_residuals": {
    "ks_stat": 0.07470174754201131,
    "ks_p": 4.69230312293011e-10
  },
  "entropy_words": 10.837507018290683,
  "entropy_chars": 4.5802240680011925,
  "autocorr_first_10": {
    "1": 0.47901673707753856,
    "2": 0.45526737138235557,
    "3": 0.42635743055406805,
    "4": 0.40941093828058384,
    "5": 0.39824757082128465,
    "6": 0.40823576752841273,
    "7": 0.39399211979345306,
    "8": 0.37285966269275383,
    "9": 0.39301671597593574,
    "10": 0.38493445305994356
  },
  "hurst": 0.8848084025081658
}