n_tokens,mean_len,median_len,std_len
80592,3.977355072463768,4.0,1.5632554428487724
