{
  "zipf_slope": -1.0136338669595237,
  "zipf_r2": 0.9972353989298621,
  "entropy_words": 10.837507018290683,
  "entropy_chars": 4.5802240680011925,
  "autocorr_lag1": 0.47901673707753845,
  "hurst": 0.8841964440665105
}