sim_file,slope,r2,entropy_words,entropy_chars,autocorr_lag1,hurst,model,sim
char_shuffle_sim_030.txt,-1.1844457979895902,0.9915676396706081,9.334106961169082,4.7385486691310685,0.46481637855675256,0.8809133912353205,char_shuffle,30
