sim_file,slope,r2,entropy_words,entropy_chars,autocorr_lag1,hurst,model,sim
markov_word_sim_027.txt,-2.5621312704290125,0.9425415549932197,5.281637353678924,4.53565243918655,0.47573478828452603,0.8810988080059418,markov_word,27
