sim_file,slope,r2,entropy_words,entropy_chars,autocorr_lag1,hurst,model,sim
markov_word_sim_005.txt,-2.5638203008658262,0.9462932883258508,5.280189771656526,4.533500027469778,0.47573478828452603,0.8810988080059418,markov_word,5
