sim_file,slope,r2,entropy_words,entropy_chars,autocorr_lag1,hurst,model,sim
markov_word_sim_010.txt,-2.581139559066425,0.9480632594334344,5.280360060328511,4.530398979401921,0.47573478828452603,0.8810988080059418,markov_word,10
