sim_file,slope,r2,entropy_words,entropy_chars,autocorr_lag1,hurst,model,sim
markov_word_sim_008.txt,-2.552547175239119,0.9683018636930227,5.27565968700671,4.532507310064451,0.47573478828452603,0.8810988080059418,markov_word,8
