sim_file,slope,r2,entropy_words,entropy_chars,autocorr_lag1,hurst,model,sim
markov_word_sim_017.txt,-2.5574719666642687,0.9739004172410597,5.273002068487079,4.5318042985621565,0.47573478828452603,0.8810988080059418,markov_word,17
