sim_file,slope,r2,entropy_words,entropy_chars,autocorr_lag1,hurst,model,sim
markov_word_sim_026.txt,-2.5532542677951744,0.9608402373681538,5.2814310891885325,4.533598447055782,0.47573478828452603,0.8810988080059418,markov_word,26
