sim_file,slope,r2,entropy_words,entropy_chars,autocorr_lag1,hurst,model,sim
markov_word_sim_006.txt,-2.483946399437486,0.9923848147052017,5.281609847503232,4.533823184534132,0.47573478828452603,0.8810988080059418,markov_word,6
