sim_file,slope,r2,entropy_words,entropy_chars,autocorr_lag1,hurst,model,sim
markov_word_sim_013.txt,-2.535350357772828,0.9780389789108025,5.2807511983930855,4.534655061603053,0.47573478828452603,0.8810988080059418,markov_word,13
