sim_file,slope,r2,entropy_words,entropy_chars,autocorr_lag1,hurst,model,sim
markov_word_sim_011.txt,-2.5678226910656323,0.9462956584596214,5.280889327309917,4.534867224181746,0.47573478828452603,0.8810988080059418,markov_word,11
