sim_file,slope,r2,entropy_words,entropy_chars,autocorr_lag1,hurst,model,sim
markov_word_sim_028.txt,-2.489582175904964,0.9932907157530071,5.2809967854483055,4.532481285845642,0.47573478828452603,0.8810988080059418,markov_word,28
