sim_file,slope,r2,entropy_words,entropy_chars,autocorr_lag1,hurst,model,sim
markov_word_sim_018.txt,-2.5354137747216616,0.9679232959815295,5.2768184069555994,4.530369534421637,0.47573478828452603,0.8810988080059418,markov_word,18
