sim_file,slope,r2,entropy_words,entropy_chars,autocorr_lag1,hurst,model,sim
markov_word_sim_025.txt,-2.5627505225755516,0.9738536895732434,5.283866155663642,4.5357115534641075,0.47573478828452603,0.8810988080059418,markov_word,25
