sim_file,slope,r2,entropy_words,entropy_chars,autocorr_lag1,hurst,model,sim
markov_word_sim_020.txt,-2.5704302835521635,0.9467725405521821,5.2794640345041755,4.535600239399287,0.47573478828452603,0.8810988080059418,markov_word,20
