sim_file,slope,r2,entropy_words,entropy_chars,autocorr_lag1,hurst,model,sim
markov_word_sim_022.txt,-2.5037179467567965,0.9925517947982198,5.288601191868548,4.538333195394273,0.47573478828452603,0.8810988080059418,markov_word,22
